rule_id,policy_id,billing_code_id,copay_flat_amount,coinsurance_percentage,deductible_applies,frequency_limit_per_year
1,1,1,0.0,1.0,False,2.0
2,1,2,0.0,1.0,False,2.0
3,1,3,0.0,1.0,False,2.0
4,1,4,0.0,1.0,False,2.0
5,1,5,0.0,1.0,False,2.0
6,1,6,0.0,1.0,False,2.0
7,1,7,0.0,1.0,False,2.0
8,1,8,0.0,1.0,False,2.0
9,1,9,0.0,1.0,False,2.0
10,1,10,20.0,0.8,True,
11,1,11,20.0,0.8,True,
12,1,12,20.0,0.8,True,
13,1,13,20.0,0.8,True,
14,1,14,20.0,0.8,True,
15,1,15,50.0,0.5,True,
16,1,16,50.0,0.5,True,
17,1,17,50.0,0.5,True,
18,1,18,50.0,0.5,True,
19,1,19,50.0,0.5,True,
20,1,20,50.0,0.5,True,
21,1,21,50.0,0.5,True,
22,1,22,50.0,0.5,True,
23,2,1,0.0,1.0,False,2.0
24,2,2,0.0,1.0,False,2.0
25,2,3,0.0,1.0,False,2.0
26,2,4,0.0,1.0,False,2.0
27,2,5,0.0,1.0,False,2.0
28,2,6,0.0,1.0,False,2.0
29,2,7,0.0,1.0,False,2.0
30,2,8,0.0,1.0,False,2.0
31,2,9,0.0,1.0,False,2.0
32,2,10,20.0,0.8,True,
33,2,11,20.0,0.8,True,
34,2,12,20.0,0.8,True,
35,2,13,20.0,0.8,True,
36,2,14,20.0,0.8,True,
37,2,15,50.0,0.5,True,
38,2,16,50.0,0.5,True,
39,2,17,50.0,0.5,True,
40,2,18,50.0,0.5,True,
41,2,19,50.0,0.5,True,
42,2,20,50.0,0.5,True,
43,2,21,50.0,0.5,True,
44,2,22,50.0,0.5,True,
45,3,1,0.0,1.0,False,2.0
46,3,2,0.0,1.0,False,2.0
47,3,3,0.0,1.0,False,2.0
48,3,4,0.0,1.0,False,2.0
49,3,5,0.0,1.0,False,2.0
50,3,6,0.0,1.0,False,2.0
51,3,7,0.0,1.0,False,2.0
52,3,8,0.0,1.0,False,2.0
53,3,9,0.0,1.0,False,2.0
54,3,10,20.0,0.8,True,
55,3,11,20.0,0.8,True,
56,3,12,20.0,0.8,True,
57,3,13,20.0,0.8,True,
58,3,14,20.0,0.8,True,
59,3,15,50.0,0.5,True,
60,3,16,50.0,0.5,True,
61,3,17,50.0,0.5,True,
62,3,18,50.0,0.5,True,
63,3,19,50.0,0.5,True,
64,3,20,50.0,0.5,True,
65,3,21,50.0,0.5,True,
66,3,22,50.0,0.5,True,
67,4,1,0.0,1.0,False,2.0
68,4,2,0.0,1.0,False,2.0
69,4,3,0.0,1.0,False,2.0
70,4,4,0.0,1.0,False,2.0
71,4,5,0.0,1.0,False,2.0
72,4,6,0.0,1.0,False,2.0
73,4,7,0.0,1.0,False,2.0
74,4,8,0.0,1.0,False,2.0
75,4,9,0.0,1.0,False,2.0
76,4,10,20.0,0.8,True,
77,4,11,20.0,0.8,True,
78,4,12,20.0,0.8,True,
79,4,13,20.0,0.8,True,
80,4,14,20.0,0.8,True,
81,4,15,50.0,0.5,True,
82,4,16,50.0,0.5,True,
83,4,17,50.0,0.5,True,
84,4,18,50.0,0.5,True,
85,4,19,50.0,0.5,True,
86,4,20,50.0,0.5,True,
87,4,21,50.0,0.5,True,
88,4,22,50.0,0.5,True,
89,5,1,0.0,1.0,False,2.0
90,5,2,0.0,1.0,False,2.0
91,5,3,0.0,1.0,False,2.0
92,5,4,0.0,1.0,False,2.0
93,5,5,0.0,1.0,False,2.0
94,5,6,0.0,1.0,False,2.0
95,5,7,0.0,1.0,False,2.0
96,5,8,0.0,1.0,False,2.0
97,5,9,0.0,1.0,False,2.0
98,5,10,20.0,0.8,True,
99,5,11,20.0,0.8,True,
100,5,12,20.0,0.8,True,
101,5,13,20.0,0.8,True,
102,5,14,20.0,0.8,True,
103,5,15,50.0,0.5,True,
104,5,16,50.0,0.5,True,
105,5,17,50.0,0.5,True,
106,5,18,50.0,0.5,True,
107,5,19,50.0,0.5,True,
108,5,20,50.0,0.5,True,
109,5,21,50.0,0.5,True,
110,5,22,50.0,0.5,True,
111,6,1,0.0,1.0,False,2.0
112,6,2,0.0,1.0,False,2.0
113,6,3,0.0,1.0,False,2.0
114,6,4,0.0,1.0,False,2.0
115,6,5,0.0,1.0,False,2.0
116,6,6,0.0,1.0,False,2.0
117,6,7,0.0,1.0,False,2.0
118,6,8,0.0,1.0,False,2.0
119,6,9,0.0,1.0,False,2.0
120,6,10,20.0,0.8,True,
121,6,11,20.0,0.8,True,
122,6,12,20.0,0.8,True,
123,6,13,20.0,0.8,True,
124,6,14,20.0,0.8,True,
125,6,15,50.0,0.5,True,
126,6,16,50.0,0.5,True,
127,6,17,50.0,0.5,True,
128,6,18,50.0,0.5,True,
129,6,19,50.0,0.5,True,
130,6,20,50.0,0.5,True,
131,6,21,50.0,0.5,True,
132,6,22,50.0,0.5,True,
133,7,1,0.0,1.0,False,2.0
134,7,2,0.0,1.0,False,2.0
135,7,3,0.0,1.0,False,2.0
136,7,4,0.0,1.0,False,2.0
137,7,5,0.0,1.0,False,2.0
138,7,6,0.0,1.0,False,2.0
139,7,7,0.0,1.0,False,2.0
140,7,8,0.0,1.0,False,2.0
141,7,9,0.0,1.0,False,2.0
142,7,10,20.0,0.8,True,
143,7,11,20.0,0.8,True,
144,7,12,20.0,0.8,True,
145,7,13,20.0,0.8,True,
146,7,14,20.0,0.8,True,
147,7,15,50.0,0.5,True,
148,7,16,50.0,0.5,True,
149,7,17,50.0,0.5,True,
150,7,18,50.0,0.5,True,
151,7,19,50.0,0.5,True,
152,7,20,50.0,0.5,True,
153,7,21,50.0,0.5,True,
154,7,22,50.0,0.5,True,
155,8,1,0.0,1.0,False,2.0
156,8,2,0.0,1.0,False,2.0
157,8,3,0.0,1.0,False,2.0
158,8,4,0.0,1.0,False,2.0
159,8,5,0.0,1.0,False,2.0
160,8,6,0.0,1.0,False,2.0
161,8,7,0.0,1.0,False,2.0
162,8,8,0.0,1.0,False,2.0
163,8,9,0.0,1.0,False,2.0
164,8,10,20.0,0.8,True,
165,8,11,20.0,0.8,True,
166,8,12,20.0,0.8,True,
167,8,13,20.0,0.8,True,
168,8,14,20.0,0.8,True,
169,8,15,50.0,0.5,True,
170,8,16,50.0,0.5,True,
171,8,17,50.0,0.5,True,
172,8,18,50.0,0.5,True,
173,8,19,50.0,0.5,True,
174,8,20,50.0,0.5,True,
175,8,21,50.0,0.5,True,
176,8,22,50.0,0.5,True,
177,9,1,0.0,1.0,False,2.0
178,9,2,0.0,1.0,False,2.0
179,9,3,0.0,1.0,False,2.0
180,9,4,0.0,1.0,False,2.0
181,9,5,0.0,1.0,False,2.0
182,9,6,0.0,1.0,False,2.0
183,9,7,0.0,1.0,False,2.0
184,9,8,0.0,1.0,False,2.0
185,9,9,0.0,1.0,False,2.0
186,9,10,20.0,0.8,True,
187,9,11,20.0,0.8,True,
188,9,12,20.0,0.8,True,
189,9,13,20.0,0.8,True,
190,9,14,20.0,0.8,True,
191,9,15,50.0,0.5,True,
192,9,16,50.0,0.5,True,
193,9,17,50.0,0.5,True,
194,9,18,50.0,0.5,True,
195,9,19,50.0,0.5,True,
196,9,20,50.0,0.5,True,
197,9,21,50.0,0.5,True,
198,9,22,50.0,0.5,True,
199,10,1,0.0,1.0,False,2.0
200,10,2,0.0,1.0,False,2.0
201,10,3,0.0,1.0,False,2.0
202,10,4,0.0,1.0,False,2.0
203,10,5,0.0,1.0,False,2.0
204,10,6,0.0,1.0,False,2.0
205,10,7,0.0,1.0,False,2.0
206,10,8,0.0,1.0,False,2.0
207,10,9,0.0,1.0,False,2.0
208,10,10,20.0,0.8,True,
209,10,11,20.0,0.8,True,
210,10,12,20.0,0.8,True,
211,10,13,20.0,0.8,True,
212,10,14,20.0,0.8,True,
213,10,15,50.0,0.5,True,
214,10,16,50.0,0.5,True,
215,10,17,50.0,0.5,True,
216,10,18,50.0,0.5,True,
217,10,19,50.0,0.5,True,
218,10,20,50.0,0.5,True,
219,10,21,50.0,0.5,True,
220,10,22,50.0,0.5,True,
221,11,1,0.0,1.0,False,2.0
222,11,2,0.0,1.0,False,2.0
223,11,3,0.0,1.0,False,2.0
224,11,4,0.0,1.0,False,2.0
225,11,5,0.0,1.0,False,2.0
226,11,6,0.0,1.0,False,2.0
227,11,7,0.0,1.0,False,2.0
228,11,8,0.0,1.0,False,2.0
229,11,9,0.0,1.0,False,2.0
230,11,10,20.0,0.8,True,
231,11,11,20.0,0.8,True,
232,11,12,20.0,0.8,True,
233,11,13,20.0,0.8,True,
234,11,14,20.0,0.8,True,
235,11,15,50.0,0.5,True,
236,11,16,50.0,0.5,True,
237,11,17,50.0,0.5,True,
238,11,18,50.0,0.5,True,
239,11,19,50.0,0.5,True,
240,11,20,50.0,0.5,True,
241,11,21,50.0,0.5,True,
242,11,22,50.0,0.5,True,
243,12,1,0.0,1.0,False,2.0
244,12,2,0.0,1.0,False,2.0
245,12,3,0.0,1.0,False,2.0
246,12,4,0.0,1.0,False,2.0
247,12,5,0.0,1.0,False,2.0
248,12,6,0.0,1.0,False,2.0
249,12,7,0.0,1.0,False,2.0
250,12,8,0.0,1.0,False,2.0
251,12,9,0.0,1.0,False,2.0
252,12,10,20.0,0.8,True,
253,12,11,20.0,0.8,True,
254,12,12,20.0,0.8,True,
255,12,13,20.0,0.8,True,
256,12,14,20.0,0.8,True,
257,12,15,50.0,0.5,True,
258,12,16,50.0,0.5,True,
259,12,17,50.0,0.5,True,
260,12,18,50.0,0.5,True,
261,12,19,50.0,0.5,True,
262,12,20,50.0,0.5,True,
263,12,21,50.0,0.5,True,
264,12,22,50.0,0.5,True,
265,13,1,0.0,1.0,False,2.0
266,13,2,0.0,1.0,False,2.0
267,13,3,0.0,1.0,False,2.0
268,13,4,0.0,1.0,False,2.0
269,13,5,0.0,1.0,False,2.0
270,13,6,0.0,1.0,False,2.0
271,13,7,0.0,1.0,False,2.0
272,13,8,0.0,1.0,False,2.0
273,13,9,0.0,1.0,False,2.0
274,13,10,20.0,0.8,True,
275,13,11,20.0,0.8,True,
276,13,12,20.0,0.8,True,
277,13,13,20.0,0.8,True,
278,13,14,20.0,0.8,True,
279,13,15,50.0,0.5,True,
280,13,16,50.0,0.5,True,
281,13,17,50.0,0.5,True,
282,13,18,50.0,0.5,True,
283,13,19,50.0,0.5,True,
284,13,20,50.0,0.5,True,
285,13,21,50.0,0.5,True,
286,13,22,50.0,0.5,True,
287,14,1,0.0,1.0,False,2.0
288,14,2,0.0,1.0,False,2.0
289,14,3,0.0,1.0,False,2.0
290,14,4,0.0,1.0,False,2.0
291,14,5,0.0,1.0,False,2.0
292,14,6,0.0,1.0,False,2.0
293,14,7,0.0,1.0,False,2.0
294,14,8,0.0,1.0,False,2.0
295,14,9,0.0,1.0,False,2.0
296,14,10,20.0,0.8,True,
297,14,11,20.0,0.8,True,
298,14,12,20.0,0.8,True,
299,14,13,20.0,0.8,True,
300,14,14,20.0,0.8,True,
301,14,15,50.0,0.5,True,
302,14,16,50.0,0.5,True,
303,14,17,50.0,0.5,True,
304,14,18,50.0,0.5,True,
305,14,19,50.0,0.5,True,
306,14,20,50.0,0.5,True,
307,14,21,50.0,0.5,True,
308,14,22,50.0,0.5,True,
309,15,1,0.0,1.0,False,2.0
310,15,2,0.0,1.0,False,2.0
311,15,3,0.0,1.0,False,2.0
312,15,4,0.0,1.0,False,2.0
313,15,5,0.0,1.0,False,2.0
314,15,6,0.0,1.0,False,2.0
315,15,7,0.0,1.0,False,2.0
316,15,8,0.0,1.0,False,2.0
317,15,9,0.0,1.0,False,2.0
318,15,10,20.0,0.8,True,
319,15,11,20.0,0.8,True,
320,15,12,20.0,0.8,True,
321,15,13,20.0,0.8,True,
322,15,14,20.0,0.8,True,
323,15,15,50.0,0.5,True,
324,15,16,50.0,0.5,True,
325,15,17,50.0,0.5,True,
326,15,18,50.0,0.5,True,
327,15,19,50.0,0.5,True,
328,15,20,50.0,0.5,True,
329,15,21,50.0,0.5,True,
330,15,22,50.0,0.5,True,
331,16,1,0.0,1.0,False,2.0
332,16,2,0.0,1.0,False,2.0
333,16,3,0.0,1.0,False,2.0
334,16,4,0.0,1.0,False,2.0
335,16,5,0.0,1.0,False,2.0
336,16,6,0.0,1.0,False,2.0
337,16,7,0.0,1.0,False,2.0
338,16,8,0.0,1.0,False,2.0
339,16,9,0.0,1.0,False,2.0
340,16,10,20.0,0.8,True,
341,16,11,20.0,0.8,True,
342,16,12,20.0,0.8,True,
343,16,13,20.0,0.8,True,
344,16,14,20.0,0.8,True,
345,16,15,50.0,0.5,True,
346,16,16,50.0,0.5,True,
347,16,17,50.0,0.5,True,
348,16,18,50.0,0.5,True,
349,16,19,50.0,0.5,True,
350,16,20,50.0,0.5,True,
351,16,21,50.0,0.5,True,
352,16,22,50.0,0.5,True,
353,17,1,0.0,1.0,False,2.0
354,17,2,0.0,1.0,False,2.0
355,17,3,0.0,1.0,False,2.0
356,17,4,0.0,1.0,False,2.0
357,17,5,0.0,1.0,False,2.0
358,17,6,0.0,1.0,False,2.0
359,17,7,0.0,1.0,False,2.0
360,17,8,0.0,1.0,False,2.0
361,17,9,0.0,1.0,False,2.0
362,17,10,20.0,0.8,True,
363,17,11,20.0,0.8,True,
364,17,12,20.0,0.8,True,
365,17,13,20.0,0.8,True,
366,17,14,20.0,0.8,True,
367,17,15,50.0,0.5,True,
368,17,16,50.0,0.5,True,
369,17,17,50.0,0.5,True,
370,17,18,50.0,0.5,True,
371,17,19,50.0,0.5,True,
372,17,20,50.0,0.5,True,
373,17,21,50.0,0.5,True,
374,17,22,50.0,0.5,True,
375,18,1,0.0,1.0,False,2.0
376,18,2,0.0,1.0,False,2.0
377,18,3,0.0,1.0,False,2.0
378,18,4,0.0,1.0,False,2.0
379,18,5,0.0,1.0,False,2.0
380,18,6,0.0,1.0,False,2.0
381,18,7,0.0,1.0,False,2.0
382,18,8,0.0,1.0,False,2.0
383,18,9,0.0,1.0,False,2.0
384,18,10,20.0,0.8,True,
385,18,11,20.0,0.8,True,
386,18,12,20.0,0.8,True,
387,18,13,20.0,0.8,True,
388,18,14,20.0,0.8,True,
389,18,15,50.0,0.5,True,
390,18,16,50.0,0.5,True,
391,18,17,50.0,0.5,True,
392,18,18,50.0,0.5,True,
393,18,19,50.0,0.5,True,
394,18,20,50.0,0.5,True,
395,18,21,50.0,0.5,True,
396,18,22,50.0,0.5,True,
397,19,1,0.0,1.0,False,2.0
398,19,2,0.0,1.0,False,2.0
399,19,3,0.0,1.0,False,2.0
400,19,4,0.0,1.0,False,2.0
401,19,5,0.0,1.0,False,2.0
402,19,6,0.0,1.0,False,2.0
403,19,7,0.0,1.0,False,2.0
404,19,8,0.0,1.0,False,2.0
405,19,9,0.0,1.0,False,2.0
406,19,10,20.0,0.8,True,
407,19,11,20.0,0.8,True,
408,19,12,20.0,0.8,True,
409,19,13,20.0,0.8,True,
410,19,14,20.0,0.8,True,
411,19,15,50.0,0.5,True,
412,19,16,50.0,0.5,True,
413,19,17,50.0,0.5,True,
414,19,18,50.0,0.5,True,
415,19,19,50.0,0.5,True,
416,19,20,50.0,0.5,True,
417,19,21,50.0,0.5,True,
418,19,22,50.0,0.5,True,
419,20,1,0.0,1.0,False,2.0
420,20,2,0.0,1.0,False,2.0
421,20,3,0.0,1.0,False,2.0
422,20,4,0.0,1.0,False,2.0
423,20,5,0.0,1.0,False,2.0
424,20,6,0.0,1.0,False,2.0
425,20,7,0.0,1.0,False,2.0
426,20,8,0.0,1.0,False,2.0
427,20,9,0.0,1.0,False,2.0
428,20,10,20.0,0.8,True,
429,20,11,20.0,0.8,True,
430,20,12,20.0,0.8,True,
431,20,13,20.0,0.8,True,
432,20,14,20.0,0.8,True,
433,20,15,50.0,0.5,True,
434,20,16,50.0,0.5,True,
435,20,17,50.0,0.5,True,
436,20,18,50.0,0.5,True,
437,20,19,50.0,0.5,True,
438,20,20,50.0,0.5,True,
439,20,21,50.0,0.5,True,
440,20,22,50.0,0.5,True,
441,21,1,0.0,1.0,False,2.0
442,21,2,0.0,1.0,False,2.0
443,21,3,0.0,1.0,False,2.0
444,21,4,0.0,1.0,False,2.0
445,21,5,0.0,1.0,False,2.0
446,21,6,0.0,1.0,False,2.0
447,21,7,0.0,1.0,False,2.0
448,21,8,0.0,1.0,False,2.0
449,21,9,0.0,1.0,False,2.0
450,21,10,20.0,0.8,True,
451,21,11,20.0,0.8,True,
452,21,12,20.0,0.8,True,
453,21,13,20.0,0.8,True,
454,21,14,20.0,0.8,True,
455,21,15,50.0,0.5,True,
456,21,16,50.0,0.5,True,
457,21,17,50.0,0.5,True,
458,21,18,50.0,0.5,True,
459,21,19,50.0,0.5,True,
460,21,20,50.0,0.5,True,
461,21,21,50.0,0.5,True,
462,21,22,50.0,0.5,True,
463,22,1,0.0,1.0,False,2.0
464,22,2,0.0,1.0,False,2.0
465,22,3,0.0,1.0,False,2.0
466,22,4,0.0,1.0,False,2.0
467,22,5,0.0,1.0,False,2.0
468,22,6,0.0,1.0,False,2.0
469,22,7,0.0,1.0,False,2.0
470,22,8,0.0,1.0,False,2.0
471,22,9,0.0,1.0,False,2.0
472,22,10,20.0,0.8,True,
473,22,11,20.0,0.8,True,
474,22,12,20.0,0.8,True,
475,22,13,20.0,0.8,True,
476,22,14,20.0,0.8,True,
477,22,15,50.0,0.5,True,
478,22,16,50.0,0.5,True,
479,22,17,50.0,0.5,True,
480,22,18,50.0,0.5,True,
481,22,19,50.0,0.5,True,
482,22,20,50.0,0.5,True,
483,22,21,50.0,0.5,True,
484,22,22,50.0,0.5,True,
485,23,1,0.0,1.0,False,2.0
486,23,2,0.0,1.0,False,2.0
487,23,3,0.0,1.0,False,2.0
488,23,4,0.0,1.0,False,2.0
489,23,5,0.0,1.0,False,2.0
490,23,6,0.0,1.0,False,2.0
491,23,7,0.0,1.0,False,2.0
492,23,8,0.0,1.0,False,2.0
493,23,9,0.0,1.0,False,2.0
494,23,10,20.0,0.8,True,
495,23,11,20.0,0.8,True,
496,23,12,20.0,0.8,True,
497,23,13,20.0,0.8,True,
498,23,14,20.0,0.8,True,
499,23,15,50.0,0.5,True,
500,23,16,50.0,0.5,True,
501,23,17,50.0,0.5,True,
502,23,18,50.0,0.5,True,
503,23,19,50.0,0.5,True,
504,23,20,50.0,0.5,True,
505,23,21,50.0,0.5,True,
506,23,22,50.0,0.5,True,
507,24,1,0.0,1.0,False,2.0
508,24,2,0.0,1.0,False,2.0
509,24,3,0.0,1.0,False,2.0
510,24,4,0.0,1.0,False,2.0
511,24,5,0.0,1.0,False,2.0
512,24,6,0.0,1.0,False,2.0
513,24,7,0.0,1.0,False,2.0
514,24,8,0.0,1.0,False,2.0
515,24,9,0.0,1.0,False,2.0
516,24,10,20.0,0.8,True,
517,24,11,20.0,0.8,True,
518,24,12,20.0,0.8,True,
519,24,13,20.0,0.8,True,
520,24,14,20.0,0.8,True,
521,24,15,50.0,0.5,True,
522,24,16,50.0,0.5,True,
523,24,17,50.0,0.5,True,
524,24,18,50.0,0.5,True,
525,24,19,50.0,0.5,True,
526,24,20,50.0,0.5,True,
527,24,21,50.0,0.5,True,
528,24,22,50.0,0.5,True,
529,25,1,0.0,1.0,False,2.0
530,25,2,0.0,1.0,False,2.0
531,25,3,0.0,1.0,False,2.0
532,25,4,0.0,1.0,False,2.0
533,25,5,0.0,1.0,False,2.0
534,25,6,0.0,1.0,False,2.0
535,25,7,0.0,1.0,False,2.0
536,25,8,0.0,1.0,False,2.0
537,25,9,0.0,1.0,False,2.0
538,25,10,20.0,0.8,True,
539,25,11,20.0,0.8,True,
540,25,12,20.0,0.8,True,
541,25,13,20.0,0.8,True,
542,25,14,20.0,0.8,True,
543,25,15,50.0,0.5,True,
544,25,16,50.0,0.5,True,
545,25,17,50.0,0.5,True,
546,25,18,50.0,0.5,True,
547,25,19,50.0,0.5,True,
548,25,20,50.0,0.5,True,
549,25,21,50.0,0.5,True,
550,25,22,50.0,0.5,True,
551,26,1,0.0,1.0,False,2.0
552,26,2,0.0,1.0,False,2.0
553,26,3,0.0,1.0,False,2.0
554,26,4,0.0,1.0,False,2.0
555,26,5,0.0,1.0,False,2.0
556,26,6,0.0,1.0,False,2.0
557,26,7,0.0,1.0,False,2.0
558,26,8,0.0,1.0,False,2.0
559,26,9,0.0,1.0,False,2.0
560,26,10,20.0,0.8,True,
561,26,11,20.0,0.8,True,
562,26,12,20.0,0.8,True,
563,26,13,20.0,0.8,True,
564,26,14,20.0,0.8,True,
565,26,15,50.0,0.5,True,
566,26,16,50.0,0.5,True,
567,26,17,50.0,0.5,True,
568,26,18,50.0,0.5,True,
569,26,19,50.0,0.5,True,
570,26,20,50.0,0.5,True,
571,26,21,50.0,0.5,True,
572,26,22,50.0,0.5,True,
573,27,1,0.0,1.0,False,2.0
574,27,2,0.0,1.0,False,2.0
575,27,3,0.0,1.0,False,2.0
576,27,4,0.0,1.0,False,2.0
577,27,5,0.0,1.0,False,2.0
578,27,6,0.0,1.0,False,2.0
579,27,7,0.0,1.0,False,2.0
580,27,8,0.0,1.0,False,2.0
581,27,9,0.0,1.0,False,2.0
582,27,10,20.0,0.8,True,
583,27,11,20.0,0.8,True,
584,27,12,20.0,0.8,True,
585,27,13,20.0,0.8,True,
586,27,14,20.0,0.8,True,
587,27,15,50.0,0.5,True,
588,27,16,50.0,0.5,True,
589,27,17,50.0,0.5,True,
590,27,18,50.0,0.5,True,
591,27,19,50.0,0.5,True,
592,27,20,50.0,0.5,True,
593,27,21,50.0,0.5,True,
594,27,22,50.0,0.5,True,
595,28,1,0.0,1.0,False,2.0
596,28,2,0.0,1.0,False,2.0
597,28,3,0.0,1.0,False,2.0
598,28,4,0.0,1.0,False,2.0
599,28,5,0.0,1.0,False,2.0
600,28,6,0.0,1.0,False,2.0
601,28,7,0.0,1.0,False,2.0
602,28,8,0.0,1.0,False,2.0
603,28,9,0.0,1.0,False,2.0
604,28,10,20.0,0.8,True,
605,28,11,20.0,0.8,True,
606,28,12,20.0,0.8,True,
607,28,13,20.0,0.8,True,
608,28,14,20.0,0.8,True,
609,28,15,50.0,0.5,True,
610,28,16,50.0,0.5,True,
611,28,17,50.0,0.5,True,
612,28,18,50.0,0.5,True,
613,28,19,50.0,0.5,True,
614,28,20,50.0,0.5,True,
615,28,21,50.0,0.5,True,
616,28,22,50.0,0.5,True,
617,29,1,0.0,1.0,False,2.0
618,29,2,0.0,1.0,False,2.0
619,29,3,0.0,1.0,False,2.0
620,29,4,0.0,1.0,False,2.0
621,29,5,0.0,1.0,False,2.0
622,29,6,0.0,1.0,False,2.0
623,29,7,0.0,1.0,False,2.0
624,29,8,0.0,1.0,False,2.0
625,29,9,0.0,1.0,False,2.0
626,29,10,20.0,0.8,True,
627,29,11,20.0,0.8,True,
628,29,12,20.0,0.8,True,
629,29,13,20.0,0.8,True,
630,29,14,20.0,0.8,True,
631,29,15,50.0,0.5,True,
632,29,16,50.0,0.5,True,
633,29,17,50.0,0.5,True,
634,29,18,50.0,0.5,True,
635,29,19,50.0,0.5,True,
636,29,20,50.0,0.5,True,
637,29,21,50.0,0.5,True,
638,29,22,50.0,0.5,True,
639,30,1,0.0,1.0,False,2.0
640,30,2,0.0,1.0,False,2.0
641,30,3,0.0,1.0,False,2.0
642,30,4,0.0,1.0,False,2.0
643,30,5,0.0,1.0,False,2.0
644,30,6,0.0,1.0,False,2.0
645,30,7,0.0,1.0,False,2.0
646,30,8,0.0,1.0,False,2.0
647,30,9,0.0,1.0,False,2.0
648,30,10,20.0,0.8,True,
649,30,11,20.0,0.8,True,
650,30,12,20.0,0.8,True,
651,30,13,20.0,0.8,True,
652,30,14,20.0,0.8,True,
653,30,15,50.0,0.5,True,
654,30,16,50.0,0.5,True,
655,30,17,50.0,0.5,True,
656,30,18,50.0,0.5,True,
657,30,19,50.0,0.5,True,
658,30,20,50.0,0.5,True,
659,30,21,50.0,0.5,True,
660,30,22,50.0,0.5,True,
661,31,1,0.0,1.0,False,2.0
662,31,2,0.0,1.0,False,2.0
663,31,3,0.0,1.0,False,2.0
664,31,4,0.0,1.0,False,2.0
665,31,5,0.0,1.0,False,2.0
666,31,6,0.0,1.0,False,2.0
667,31,7,0.0,1.0,False,2.0
668,31,8,0.0,1.0,False,2.0
669,31,9,0.0,1.0,False,2.0
670,31,10,20.0,0.8,True,
671,31,11,20.0,0.8,True,
672,31,12,20.0,0.8,True,
673,31,13,20.0,0.8,True,
674,31,14,20.0,0.8,True,
675,31,15,50.0,0.5,True,
676,31,16,50.0,0.5,True,
677,31,17,50.0,0.5,True,
678,31,18,50.0,0.5,True,
679,31,19,50.0,0.5,True,
680,31,20,50.0,0.5,True,
681,31,21,50.0,0.5,True,
682,31,22,50.0,0.5,True,
683,32,1,0.0,1.0,False,2.0
684,32,2,0.0,1.0,False,2.0
685,32,3,0.0,1.0,False,2.0
686,32,4,0.0,1.0,False,2.0
687,32,5,0.0,1.0,False,2.0
688,32,6,0.0,1.0,False,2.0
689,32,7,0.0,1.0,False,2.0
690,32,8,0.0,1.0,False,2.0
691,32,9,0.0,1.0,False,2.0
692,32,10,20.0,0.8,True,
693,32,11,20.0,0.8,True,
694,32,12,20.0,0.8,True,
695,32,13,20.0,0.8,True,
696,32,14,20.0,0.8,True,
697,32,15,50.0,0.5,True,
698,32,16,50.0,0.5,True,
699,32,17,50.0,0.5,True,
700,32,18,50.0,0.5,True,
701,32,19,50.0,0.5,True,
702,32,20,50.0,0.5,True,
703,32,21,50.0,0.5,True,
704,32,22,50.0,0.5,True,
705,33,1,0.0,1.0,False,2.0
706,33,2,0.0,1.0,False,2.0
707,33,3,0.0,1.0,False,2.0
708,33,4,0.0,1.0,False,2.0
709,33,5,0.0,1.0,False,2.0
710,33,6,0.0,1.0,False,2.0
711,33,7,0.0,1.0,False,2.0
712,33,8,0.0,1.0,False,2.0
713,33,9,0.0,1.0,False,2.0
714,33,10,20.0,0.8,True,
715,33,11,20.0,0.8,True,
716,33,12,20.0,0.8,True,
717,33,13,20.0,0.8,True,
718,33,14,20.0,0.8,True,
719,33,15,50.0,0.5,True,
720,33,16,50.0,0.5,True,
721,33,17,50.0,0.5,True,
722,33,18,50.0,0.5,True,
723,33,19,50.0,0.5,True,
724,33,20,50.0,0.5,True,
725,33,21,50.0,0.5,True,
726,33,22,50.0,0.5,True,
727,34,1,0.0,1.0,False,2.0
728,34,2,0.0,1.0,False,2.0
729,34,3,0.0,1.0,False,2.0
730,34,4,0.0,1.0,False,2.0
731,34,5,0.0,1.0,False,2.0
732,34,6,0.0,1.0,False,2.0
733,34,7,0.0,1.0,False,2.0
734,34,8,0.0,1.0,False,2.0
735,34,9,0.0,1.0,False,2.0
736,34,10,20.0,0.8,True,
737,34,11,20.0,0.8,True,
738,34,12,20.0,0.8,True,
739,34,13,20.0,0.8,True,
740,34,14,20.0,0.8,True,
741,34,15,50.0,0.5,True,
742,34,16,50.0,0.5,True,
743,34,17,50.0,0.5,True,
744,34,18,50.0,0.5,True,
745,34,19,50.0,0.5,True,
746,34,20,50.0,0.5,True,
747,34,21,50.0,0.5,True,
748,34,22,50.0,0.5,True,
749,35,1,0.0,1.0,False,2.0
750,35,2,0.0,1.0,False,2.0
751,35,3,0.0,1.0,False,2.0
752,35,4,0.0,1.0,False,2.0
753,35,5,0.0,1.0,False,2.0
754,35,6,0.0,1.0,False,2.0
755,35,7,0.0,1.0,False,2.0
756,35,8,0.0,1.0,False,2.0
757,35,9,0.0,1.0,False,2.0
758,35,10,20.0,0.8,True,
759,35,11,20.0,0.8,True,
760,35,12,20.0,0.8,True,
761,35,13,20.0,0.8,True,
762,35,14,20.0,0.8,True,
763,35,15,50.0,0.5,True,
764,35,16,50.0,0.5,True,
765,35,17,50.0,0.5,True,
766,35,18,50.0,0.5,True,
767,35,19,50.0,0.5,True,
768,35,20,50.0,0.5,True,
769,35,21,50.0,0.5,True,
770,35,22,50.0,0.5,True,
